七原则编号,原则名称,检查项,检查结果,说明,证据位置
P-01,模块化,任务注册模块独立,通过,TaskRegistry 独立封装,组件设计文档 §2
P-01,模块化,调度引擎模块独立,通过,SchedulerManager 独立封装,组件设计文档 §1
P-01,模块化,执行框架模块独立,通过,TaskExecutor 独立封装,组件设计文档 §3
P-01,模块化,幂等校验模块独立,通过,IdempotencyChecker 独立封装,组件设计文档 §4
P-01,模块化,存储模块独立,通过,状态存储与执行记录分离,组件设计文档 §5-§6
P-01,模块化,告警模块独立,通过,Notifier 独立封装,组件设计文档 §7
P-02,内聚,每个模块职责单一,通过,各组件职责清晰无重叠,组件设计文档
P-02,内聚,相关功能聚合在同一模块,通过,执行相关功能统一在执行框架,组件设计文档 §3
P-03,松耦合,模块间通过接口交互,通过,定义了统一的 Task 基类和接口,接口设计文档 §2
P-03,松耦合,调度器与执行器解耦,通过,APScheduler 调度执行框架独立,容器视图
P-03,松耦合,存储与业务逻辑解耦,通过,Repository 模式封装存储操作,数据架构设计
P-03,松耦合,告警与执行逻辑解耦,通过,事件驱动的告警机制,组件设计文档 §7
P-04,抽象,统一的 Task 抽象基类,通过,BaseTask 定义统一接口,接口设计文档 §2.1
P-04,抽象,存储抽象层,通过,状态存储与执行记录均有抽象层,数据架构设计 §5
P-04,抽象,触发器抽象,通过,TriggerFactory 统一创建不同触发器,组件设计文档 §1.2
P-05,信息隐藏,模块内部实现不对外暴露,通过,各模块仅暴露必要的公共接口,接口设计文档
P-05,信息隐藏,存储细节对业务透明,通过,业务任务不直接操作数据库,组件设计文档
P-06,单点控制,调度器单点控制,通过,APScheduler 单实例调度,容器视图
P-06,单点控制,任务注册单点管理,通过,TaskRegistry 统一管理所有任务,组件设计文档 §2
P-06,单点控制,幂等校验单点执行,通过,框架层统一校验幂等,组件设计文档 §4
P-06,单点控制,告警通知单点发送,通过,Notifier 统一管理告警,组件设计文档 §7
P-07,可替换性,调度引擎可替换,通过,抽象调度接口可替换实现,接口设计文档
P-07,可替换性,存储后端可替换,通过,Repository 模式可切换存储后端,数据架构设计 §5
P-07,可替换性,告警渠道可扩展,通过,告警渠道可配置扩展,组件设计文档 §7.3
