检查类别,序号,检查项,评审结论,严重度,证据,整改建议
分层架构,1,分层是否清晰/职责边界明确,通过(方案裁剪后),,三环境职责矩阵(§2.2)+CI独立部署(§7.5)边界清晰,仅采用CI/CD部分,其余裁剪
模块耦合,2,耦合度合理/无循环依赖,通过,,"本机开发-仓库-Webhook-Macmini-CI 单向数据流(§1.1),无循环依赖",无
模块内聚,3,内聚度高/单一职责,通过,,Dev/Test/Prod各环境单职(§2.2),无
接口设计,4,接口标准化/版本管理,部分通过,主要,方案未含 API 契约/版本规范,缺接口契约文档;CI 配置示例有 .drone.yml,落地时按现有工具链补
数据架构,5,数据模型合理/存储策略适当,部分通过,主要,数据分级(§5.3脱敏/§11.1配置分级)清晰;但三环境数据策略依赖真实业务,技能库场景不适用,仅采纳脱敏原则,不落三库
安全架构,6,STRIDE全覆盖/纵深防御,部分通过,主要,安全基线表(§13.1)+密钥红线(§11.3)存在;但 STRIDE 未显式逐项,补 STRIDE 映射
性能设计,7,性能预算合理/瓶颈识别,部分通过,主要,CI时效目标(1.2≤10/≤30分钟)明确;单机资源争抢风险已识别(R-02),建议确认CPU/内存预算
可扩展性,8,支持水平扩展/扩展点预留,通过,,"Drone多Runner + Compose→Swarm/K8s 升级路径(§10.2),扩展点明确",无
可观测性,9,日志/指标/告警覆盖,通过,,"Loki+Prometheus+Grafana+Alertmanager(§10.1)覆盖三层(§12.1),告警分级(§12.2)完整",无
容错设计,10,故障隔离/降级/熔断/重试,部分通过,主要,回滚机制(§8.2)+R-10备份演练;但容器故障自动恢复细节在CI(§7.5)低优先级仅提及,补容器故障自愈策略
跨平台性,11,平台差异抽象/厂商锁定,不通过,严重,方案假设本机Windows(D:\workspace §3.2),实际本机为macOS(Mac14,3);Drone选型无锁定但示例平台错误,修正为本机macOS;平台差异需双平台标注
可移植性,12,配置外部化/12-Factor合规,通过,,"12-Factor配置分离(§1.3/§11.1)明确,全容器化无状态(§14.1可移植性良好)",无
技术选型,13,成熟稳定/符合七原则,部分通过,主要,Drone CI轻量成熟(ADR-003);但本仓库已落地GitHub Actions质量门禁,工具重复,裁剪为沿用现有Actions
文档完整性,14,4+1/C4/ADR/组件/接口齐全,部分通过,主要,方案含ATAM+ADR+风险表;缺C4/4+1视图;ADR编号与既有仓库ADR-001~006冲突,方案ADR须改编号(ADR-SKILL-001~006)
需求覆盖,15,覆盖SRS/追溯完整,部分通过,主要,方案独立评审通过;本仓库为技能库,**不落地业务三环境**,仅采纳CI/CD自动化闭环思想,裁剪后无额外需求