检查项,基线(#0),实测(#11),目标,达标,说明
注册技能数,39 个,8 个（7 角色包+1 编排器）,8 个（-79%）,PASS,38 个旧子技能 SKILL.md 已移至 skills_legacy_v20.2.0/
description 合计,"13,550 字符","1,879 字符",~1.5K 字符（-60%+）,PASS,8 包全部落在 150~250 区间
description 逐包区间,多包超出,238/239/195/217/250/247/244/249,150~250,PASS,role-development 恰为上限 250
全库 MD 数,74 个,103 个（8 包+shared+references）,结构收敛,PASS,文件数上升因 resources 归并至 domain 命名空间；注册数才是注入口径
全库体积,"448,350 字节","475,427 字节",——,INFO,源码单源冗余消除 + resources 副本内嵌；注入面按 --roles 收敛
8 包全部 MD token,——,"~86,137 token",随包数线性下降,INFO,单角色仅加载对应包 domain
常驻面（索引+编排器+references）,——,"69,891 字节",——,INFO,编排器薄文件化达标
角色包结构完整性,——,8 包 SKILL.md + domain/ 齐备,8 包齐备,PASS,domain 文件 0+1+4+4+5+6+4+6=30 个
shared/references 路径解析,——,122 处引用 122 处解析,100% 解析,PASS,相对路径 ../shared 与 ../../shared/references 全部有效
shared 单源与副本 SHA256,——,8 文件全部一致,一致,PASS,references/ 与 shared/references/ 哈希比对通过
domain 版本行 v21.0.0,——,30/30 达标,全部达标,PASS,技能/文档版本** 两种格式均识别
.xlsx 残留（源库）,——,0 个,0,PASS,含项目根：已迁移 CSV 并清根
交接文档,——,交接文档.md 已建,首读入口,PASS,含工作断点/关键文件/台账/铁律
SKILL_INDEX.md,——,存在且 8 行匹配,存在,PASS,与 8 包目录一致
