缺陷编号,严重程度,缺陷分类,缺陷描述,影响范围,改进建议,状态,发现日期,整改责任人
DEF-001,主要,可靠性,单进程架构缺乏进程守护方案的详细设计,调度器可靠性,"补充进程守护方案：
- macOS: launchd plist 配置
- Linux: systemd service 配置
- Windows: 服务注册脚本
- 健康检查接口设计",待整改,2026-08-21,架构组
DEF-002,主要,可观测性,告警通知渠道设计不足,异常发现及时性,"补充告警设计：
- 结构化日志规范
- 日志级别定义
- 系统通知的具体实现方案
- 可选的外部告警集成接口（飞书/邮件/webhook）",待整改,2026-08-21,架构组
DEF-003,次要,可扩展性,缺少任务分组/优先级设计,任务管理灵活性,"建议增加：
- 任务分组功能（按业务域分组）
- 任务优先级（高/中/低，影响调度顺序）
- 任务标签（便于筛选和管理）",待整改,2026-08-21,架构组
DEF-004,次要,可维护性,缺少任务版本管理和灰度发布设计,任务升级风险,"建议增加：
- 任务版本号
- 任务变更历史
- 灰度发布能力（部分时间/部分条件先跑）",待整改,2026-08-21,架构组
DEF-005,次要,性能,缺少任务执行统计和性能监控设计,性能优化依据,"建议增加：
- 任务执行耗时统计（p50/p95/p99）
- 任务成功率统计
- 调度延迟监控
- 资源使用监控（CPU/内存）",待整改,2026-08-21,架构组
