评审维度,权重,得分,扣分说明
完整性,25%,3.5,缺 SGD 持久化机制（活跃目标无存储载体）；缺执行状态持久化（迭代计数/AC状态跨会话归零）；未集成交接文档系统（新会话不知道有活跃目标）；无目标变更/修订流程（用户中途改需求无机制）；constraints 仅为声明无自动验证；scope 读写不分（过度限制正常读取需求）
可行性,25%,4.0,SGD 从自然语言生成完全依赖 AI 理解力（无回显确认机制确保 AI 正确解析用户意图）；constraints 不可机器验证（如「不修改已有工具」无法自动检查）；scope 描述声称「未指定则推断」但代码无推断逻辑
一致性,20%,4.0,声称「铁律不降级」但 Tier 2 从单独确认→批量确认本身就是降级（有意识设计但措辞不诚实）；scope 推断逻辑声明有但 goal_check.py 无实现；与铁律 #15/#7 大框架不冲突
风险,15%,3.5,SGD/执行状态不持久化→会话中断=目标+进展全丢失（高影响）；熔断后无恢复路径（用户不介入则死锁）；scope 读写不分可能过度限制（低风险但存在）
可测性,15%,4.0,goal_check.py 21 单测覆盖充分；SGD 格式机器可验；但端到端执行循环无集成测试；「交互次数从 6~10 降至 1~2」无实测数据支撑；SGD 自然语言生成质量不可量化
总体评审,,,,,
评审总分,五维加权（完整性25%+可行性25%+一致性20%+风险15%+可测性15%）,3.80/5.0,NoGo(<4.0),思路正确但工程化不足：持久化/交接/变更管理/约束验证四块缺失
评审结论,方案核心设计（SGD+分级交互+自检循环）思路正确，但停留在「对话内行为」层面，未作为「项目级状态」持久化,,,,,
评审意见汇总,补强优先级：P0-SGD持久化到台账+交接文档集成 | P1-执行状态持久化+目标变更机制 | P2-constraints可验证化+scope读写分离+错误恢复路径 | P3-端到端集成测试+效果实测,,,,,
补强后目标,4.5+/5.0 Go,,,,,
